id,email,name,department_id,job_id
1,gyosifov0@nifty.com,Gloriana,15,50
2,etombling1@altervista.org,Eberhard,3,75
3,acossam2@about.me,Audi,8,49
4,jnehl3@goodreads.com,Jobye,11,97
5,mgrendon4@dion.ne.jp,Moll,20,68
6,qblock5@gnu.org,Quintana,8,66
7,mmangon6@youtu.be,Michal,18,63
8,ttorricella7@barnesandnoble.com,Thea,11,55
9,lvarey8@360.cn,Lucinda,6,43
10,gdumbellow9@loc.gov,Godfree,8,74
11,mwareinga@dropbox.com,Mar,2,66
12,aworsnipb@alibaba.com,Alexandre,14,23
13,pfindersc@timesonline.co.uk,Pedro,16,70
14,mhiscocksd@who.int,Mayor,10,9
15,bcoughtreye@ucla.edu,Bettine,18,20
16,tmcconachief@about.me,Tedie,9,58
17,jgrinnovg@unc.edu,Jewell,14,24
18,wchatanh@domainmarket.com,Wilhelmine,16,28
19,badnami@umich.edu,Bebe,4,84
20,hsarverj@mit.edu,Hamilton,7,16
21,emackrillk@biglobe.ne.jp,Erik,18,17
22,hnuschkel@webmd.com,Hobie,3,31
23,adwightm@devhub.com,Arvy,2,27
24,aruddn@patch.com,Alvy,18,31
25,thuffeyo@vkontakte.ru,Tani,1,7
26,wcurromp@icio.us,Willi,16,72
27,ihasslocherq@gov.uk,Inness,2,13
28,ikiralyr@people.com.cn,Issi,7,56
29,cfontels@oracle.com,Coletta,19,100
30,btupiet@cbsnews.com,Bamby,6,92
31,dmabbittu@twitpic.com,Dilan,18,42
32,spiatekv@printfriendly.com,Stephan,13,83
33,tlanahanw@nature.com,Tuckie,1,23
34,sdarceyx@theglobeandmail.com,Susana,3,42
35,jkarslakey@oakley.com,Judah,9,39
36,psnewinz@rambler.ru,Peta,1,75
37,bholhouse10@irs.gov,Beverley,3,32
38,obowich11@dmoz.org,Oralia,5,15
39,hhallmark12@ox.ac.uk,Hillary,5,34
40,eramme13@cmu.edu,Ermina,3,25
41,wperrington14@zdnet.com,Wakefield,6,14
42,kwallice15@salon.com,Kerwin,19,3
43,ebandy16@ustream.tv,Ezra,18,95
44,bhaswell17@printfriendly.com,Brose,20,56
45,amallabar18@hao123.com,Ashien,19,28
46,ebuncher19@altervista.org,Eduard,2,37
47,wlockyear1a@squidoo.com,Worth,14,57
48,mdemattei1b@biblegateway.com,Maurie,15,34
49,ipavelin1c@mysql.com,Ilyse,2,75
50,gdunlop1d@uol.com.br,Ginelle,19,26
51,snalder1e@prnewswire.com,Savina,12,59
52,zfranzini1f@privacy.gov.au,Zolly,11,49
53,lklas1g@reference.com,Lynnelle,17,44
54,ngeerdts1h@usda.gov,Niki,4,69
55,jfinlayson1i@jigsy.com,Jacqui,4,56
56,xlaidlaw1j@sphinn.com,Ximenez,16,19
57,dpentland1k@homestead.com,Daveen,16,92
58,malderton1l@weather.com,Mattie,14,46
59,bfarthin1m@ucoz.ru,Bibi,18,22
60,hvanns1n@desdev.cn,Humbert,19,84
61,vgobbett1o@ucla.edu,Virgina,17,34
62,lwinram1p@ftc.gov,L;urette,10,97
63,mbliben1q@webeden.co.uk,Murdock,18,22
64,kranshaw1r@blogtalkradio.com,Kristofer,19,35
65,ccroley1s@youtu.be,Celinka,7,16
66,ngniewosz1t@reddit.com,Ninon,3,14
67,esparway1u@dedecms.com,Elli,17,95
68,btofanini1v@indiegogo.com,Belicia,6,73
69,emendoza1w@qq.com,Erma,18,79
70,cmarvelley1x@psu.edu,Chelsy,4,88
71,wmell1y@spotify.com,Webb,8,60
72,mallett1z@senate.gov,Matilda,8,69
73,ygronauer20@nytimes.com,Yancey,12,64
74,lreely21@pcworld.com,Lek,10,25
75,efinlan22@bravesites.com,Early,18,13
76,rpavolini23@google.fr,Raynard,14,77
77,tbettaney24@t.co,Terrel,19,98
78,blacheze25@example.com,Bailey,11,70
79,tfogden26@nasa.gov,Tova,9,73
80,banthes27@indiatimes.com,Bellina,5,65
81,mbycraft28@imgur.com,Milli,13,44
82,astimpson29@scientificamerican.com,Angelika,1,11
83,cmara2a@pinterest.com,Clareta,14,8
84,sbirckmann2b@nifty.com,Sib,11,31
85,mrosso2c@about.com,Mellisa,8,49
86,fboothby2d@sphinn.com,Filberto,6,12
87,ggreenard2e@blog.com,Giustina,20,20
88,rmaryin2f@cmu.edu,Ringo,1,19
89,cbernardy2g@digg.com,Cello,2,61
90,kgunson2h@ovh.net,Kennan,4,37
91,vaddess2i@github.io,Vincenty,16,34
92,rrawcliffe2j@imdb.com,Rufus,2,67
93,emcging2k@shinystat.com,Emmi,17,36
94,esellers2l@myspace.com,Elysia,8,77
95,bhatliff2m@mtv.com,Buck,4,39
96,bchieze2n@cyberchimps.com,Belicia,7,69
97,tcogger2o@utexas.edu,Tobias,17,39
98,wclowes2p@plala.or.jp,Winn,1,9
99,ieubank2q@prweb.com,Idalia,15,48
100,pcrothers2r@fda.gov,Pavla,20,49
101,lhancill2s@exblog.jp,Leela,4,11
102,bboome2t@lulu.com,Brandais,12,58
103,carmstead2u@unc.edu,Chelsy,10,39
104,hthexton2v@amazon.com,Hendrika,17,34
105,vbillinge2w@123-reg.co.uk,Valentin,7,12
106,bmussington2x@ed.gov,Bartolomeo,12,41
107,manthon2y@telegraph.co.uk,Melvin,14,2
108,bwhitecross2z@gizmodo.com,Brandtr,14,58
109,cbenz30@slideshare.net,Conrado,2,23
110,vmeddick31@twitter.com,Vivianne,1,2
111,dlandsman32@bbc.co.uk,Dorine,15,18
112,vbenettelli33@google.es,Virgil,20,88
113,uthexton34@networkadvertising.org,Ulrike,17,27
114,ltinn35@usa.gov,Lois,11,81
115,spyner36@sogou.com,Sam,13,2
116,fhulance37@nytimes.com,Fabiano,8,94
117,skencott38@domainmarket.com,Sada,16,42
118,wlillo39@scientificamerican.com,Winnifred,13,20
119,tdarter3a@house.gov,Torin,18,34
120,kmatteucci3b@usnews.com,Krispin,19,19
121,aseden3c@odnoklassniki.ru,Alyda,12,33
122,tsunnucks3d@eepurl.com,Terri,20,31
123,nbrind3e@youtube.com,Nial,13,77
124,yacklands3f@dailymotion.com,Yalonda,11,33
125,jklimowicz3g@sun.com,Jori,11,63
126,ecayley3h@friendfeed.com,Elizabet,2,49
127,tswayland3i@gmpg.org,Trefor,6,20
128,cbockman3j@bbc.co.uk,Coreen,11,45
129,clebrum3k@howstuffworks.com,Chalmers,14,68
130,mmordaunt3l@hexun.com,Moe,10,100
131,lwinn3m@scientificamerican.com,Law,7,88
132,enoli3n@ihg.com,Elbertina,10,7
133,bweed3o@ehow.com,Berty,6,13
134,acopcutt3p@mit.edu,Atalanta,1,22
135,sdrains3q@smh.com.au,Shauna,8,43
136,jbearman3r@opera.com,Janice,5,53
137,narthan3s@ycombinator.com,Nancee,20,24
138,rpaule3t@slate.com,Roland,10,32
139,aungerechts3u@geocities.jp,Aristotle,12,3
140,ekarpmann3v@bbb.org,Ellene,10,42
141,odeath3w@patch.com,Oralia,11,78
142,slamberth3x@smh.com.au,Sal,2,51
143,ifetter3y@icq.com,Iolanthe,1,8
144,pbenaine3z@amazon.co.jp,Portia,9,82
145,pmaclucais40@hp.com,Pierce,4,75
146,bfindlow41@wordpress.com,Bertie,12,54
147,cbrandino42@wsj.com,Chad,10,57
148,lpert43@wufoo.com,Leighton,18,15
149,sbovey44@narod.ru,Sayer,19,83
150,kdelacote45@fda.gov,Koenraad,10,52
151,ispikeings46@scientificamerican.com,Ivory,19,46
152,erackley47@wikia.com,Eulalie,11,6
153,nmcmahon48@com.com,Nedi,14,21
154,bgibbin49@fc2.com,Bert,20,53
155,jdeuss4a@rambler.ru,Junie,2,73
156,hhague4b@plala.or.jp,Hastie,17,17
157,rliddyard4c@vimeo.com,Robb,5,51
158,erubinsohn4d@smugmug.com,Elisabet,6,98
159,calbrooke4e@dot.gov,Clemente,11,5
160,msygrove4f@weibo.com,Marj,10,43
161,akennion4g@4shared.com,Auria,17,22
162,eklementz4h@printfriendly.com,Elly,4,74
163,dborley4i@wufoo.com,Dinny,9,67
164,rduhig4j@msu.edu,Ranna,16,49
165,dgunthorp4k@ask.com,Dre,5,46
166,delderfield4l@bing.com,Donall,14,89
167,igarric4m@shareasale.com,Ina,18,32
168,tmouan4n@freewebs.com,Tiertza,20,63
169,syegorchenkov4o@wufoo.com,Susanetta,5,78
170,cmccreery4p@europa.eu,Clovis,14,42
171,llindhe4q@wikispaces.com,Lavina,1,99
172,bnormant4r@plala.or.jp,Bentlee,9,40
173,dsandcroft4s@virginia.edu,Dredi,6,18
174,usowter4t@ca.gov,Ulberto,5,76
175,aconnue4u@miitbeian.gov.cn,Anatollo,8,73
176,csyson4v@economist.com,Cherrita,19,2
177,jwoodroffe4w@baidu.com,Jakob,2,38
178,hbreinl4x@theglobeandmail.com,Harman,1,29
179,dwoollacott4y@angelfire.com,Drusy,18,15
180,fkaasman4z@trellian.com,Fabe,2,85
181,esyde50@clickbank.net,Eda,19,45
182,dsmallthwaite51@cbsnews.com,Dawna,16,21
183,mtyreman52@usgs.gov,Mia,17,56
184,grevie53@miitbeian.gov.cn,Gerty,16,68
185,scolliar54@csmonitor.com,Stanton,19,92
186,sriba55@ucla.edu,Steffie,6,23
187,dvanniekerk56@de.vu,Dorree,1,88
188,ethickins57@dmoz.org,Ezechiel,3,29
189,tvedikhov58@ning.com,Thorvald,13,9
190,dlemerchant59@hud.gov,Der,6,36
191,kvannozzii5a@webmd.com,Kellyann,18,8
192,gblount5b@mapquest.com,Germaine,6,67
193,robeney5c@whitehouse.gov,Reidar,13,36
194,rsherwen5d@ucsd.edu,Rosamond,16,61
195,kscurrell5e@ebay.com,Kiele,20,91
196,abake5f@cam.ac.uk,Ali,10,83
197,bchecketts5g@time.com,Braden,13,14
198,cdjurisic5h@photobucket.com,Caterina,12,93
199,jwoodnutt5i@a8.net,Jedd,9,11
200,fdoerling5j@wunderground.com,Frasco,7,16
201,ashutt5k@deviantart.com,Anders,18,54
202,astrick5l@omniture.com,Alie,20,26
203,lsambell5m@patch.com,Lynsey,3,25
204,ckennady5n@wikimedia.org,Carlin,2,12
205,jvedeniktov5o@timesonline.co.uk,Julio,17,78
206,aambrose5p@phpbb.com,Aubert,6,29
207,atruin5q@wordpress.com,Albertina,8,25
208,jwadeson5r@techcrunch.com,Jillane,20,2
209,hcaines5s@tiny.cc,Hildy,10,48
210,ldefond5t@businessinsider.com,Lenette,3,63
211,didwalevans5u@google.ru,Darby,8,28
212,chowman5v@infoseek.co.jp,Cassondra,9,94
213,cmolan5w@blogtalkradio.com,Clevey,2,39
214,cpountney5x@dmoz.org,Conant,15,24
215,jiacovolo5y@yellowbook.com,Jordan,2,85
216,nworsnup5z@pen.io,Nonie,3,89
217,dbrandle60@ibm.com,Devora,12,90
218,ovannoort61@ft.com,Ozzy,6,98
219,bweadick62@delicious.com,Bessy,1,44
220,qheining63@discuz.net,Quint,2,57
221,nvinnicombe64@wordpress.com,Nevins,10,21
222,apessler65@cisco.com,Arch,4,34
223,nvalentim66@cmu.edu,Noe,18,46
224,gstain67@guardian.co.uk,Gabie,13,41
225,rdobbie68@shareasale.com,Rollin,2,15
226,mbernhart69@businessweek.com,Meryl,10,44
227,btwort6a@smugmug.com,Bella,9,75
228,lmuzzini6b@photobucket.com,Linnea,12,68
229,bgiovannacci6c@tripod.com,Bradney,1,39
230,hlodwig6d@phoca.cz,Hamil,9,14
231,acuckoo6e@cbc.ca,Alicia,20,77
232,bancliff6f@mac.com,Bob,16,86
233,mcoggon6g@spiegel.de,Melany,2,40
234,alibby6h@imgur.com,Abbot,9,57
235,usorrel6i@economist.com,Ulysses,19,35
236,rassandri6j@imageshack.us,Ruddy,17,62
237,scoulthard6k@nytimes.com,Simon,20,60
238,sklimsch6l@alibaba.com,Sayre,1,32
239,iwillshear6m@mit.edu,Ivie,8,81
240,jdumphrey6n@meetup.com,Jaymee,14,42
241,amcalindon6o@nationalgeographic.com,Ashby,2,5
242,cmonkton6p@is.gd,Chryste,17,26
243,gebertz6q@list-manage.com,Gene,11,14
244,afitzgeorge6r@uol.com.br,Armando,17,74
245,gjohann6s@bandcamp.com,Goldina,11,12
246,kmattiessen6t@ow.ly,Ken,7,57
247,dtoffel6u@princeton.edu,Dasi,4,21
248,nvogel6v@kickstarter.com,Nicholas,11,22
249,chughill6w@hhs.gov,Christye,12,32
250,rmcmeyler6x@desdev.cn,Raven,20,82
251,mlasty6y@flavors.me,Margaretha,17,81
252,mamer6z@pcworld.com,Melosa,6,51
253,lbavidge70@cbslocal.com,Lilllie,18,61
254,koatley71@histats.com,Kirbie,7,4
255,aesbrook72@fc2.com,Alexander,13,99
256,lwarland73@godaddy.com,Leanora,8,61
257,atupie74@tiny.cc,Anallise,15,46
258,vharragin75@qq.com,Valerie,9,72
259,lmagenny76@hhs.gov,Levin,10,10
260,fmallon77@oaic.gov.au,Farrah,8,57
261,mdellcasa78@biblegateway.com,Maxine,14,85
262,mteacy79@histats.com,Mose,20,93
263,pmcclune7a@vistaprint.com,Parnell,10,93
264,bparry7b@blog.com,Bank,1,5
265,byoselevitch7c@nih.gov,Brenna,10,59
266,hderyebarrett7d@google.fr,Hallie,6,76
267,eburrett7e@google.com,Ezmeralda,8,76
268,mjaynes7f@prnewswire.com,Melina,18,40
269,jpomroy7g@about.me,Juline,11,28
270,rtanswill7h@jiathis.com,Roselin,5,4
271,dtocque7i@facebook.com,Drud,16,27
272,aschimaschke7j@bluehost.com,Ajay,10,71
273,efeild7k@un.org,Emlyn,20,95
274,ggiamitti7l@seattletimes.com,Gallard,6,59
275,olorenz7m@va.gov,Odette,4,52
276,bhindge7n@nps.gov,Bobbye,11,29
277,dgrant7o@webs.com,Delmar,11,17
278,eemanuelov7p@abc.net.au,Emelyne,11,1
279,pbanghe7q@issuu.com,Paulina,1,6
280,hcorselles7r@adobe.com,Happy,2,10
281,warundel7s@miitbeian.gov.cn,Wynne,14,93
282,tceely7t@mlb.com,Tedda,4,11
283,bmartina7u@infoseek.co.jp,Brittni,16,25
284,hpeatman7v@google.pl,Halli,10,24
285,pbraunlein7w@fotki.com,Parry,11,5
286,bbatiste7x@businessinsider.com,Berty,19,83
287,jrummings7y@oakley.com,Jacquelin,15,46
288,mcaw7z@omniture.com,Mickey,20,71
289,ostalf80@indiatimes.com,Oralia,5,63
290,odandison81@state.tx.us,Osborne,13,29
291,mbuchett82@dion.ne.jp,Maddy,5,39
292,mledgeway83@senate.gov,Marleah,8,13
293,lreggio84@amazon.co.jp,Lynsey,14,93
294,dmenendez85@opensource.org,Darwin,14,3
295,jjaime86@epa.gov,Jesselyn,18,90
296,bmaginot87@about.me,Boot,2,90
297,lbiasi88@last.fm,Lin,11,1
298,atrivett89@privacy.gov.au,Alix,18,76
299,tburgoyne8a@usa.gov,Thorny,16,88
300,tcoggill8b@gizmodo.com,Tudor,7,71
301,fsummerlee8c@slideshare.net,Faustine,10,3
302,tgreenleaf8d@weebly.com,Trace,7,100
303,wdoogue8e@histats.com,Winslow,15,33
304,mhaslam8f@wikimedia.org,Mirabelle,9,21
305,ncollough8g@nydailynews.com,Ned,6,25
306,rgellan8h@yandex.ru,Rudie,15,36
307,cwillwood8i@technorati.com,Cece,16,69
308,cgantz8j@diigo.com,Cass,14,10
309,lbuxcey8k@barnesandnoble.com,Lindsey,11,8
310,fpashba8l@google.com.br,Fay,4,36
311,lwilshaw8m@unblog.fr,Lock,3,44
312,lgrindall8n@blogs.com,Larry,2,63
313,megalton8o@unicef.org,Mord,19,92
314,ltupman8p@pagesperso-orange.fr,Leesa,15,15
315,ltosney8q@photobucket.com,Liz,17,35
316,sbusswell8r@cloudflare.com,Sarene,16,10
317,odaniau8s@newyorker.com,Olag,20,35
318,ijessel8t@devhub.com,Idaline,18,71
319,bmiddle8u@ameblo.jp,Bell,1,87
320,kbrettell8v@topsy.com,Konstantine,16,25
321,kwollaston8w@facebook.com,Karna,4,72
322,jbudcock8x@ibm.com,Jamaal,12,14
323,igarham8y@hibu.com,Ivie,2,25
324,eyeld8z@addtoany.com,Emlyn,17,37
325,kdentith90@blogtalkradio.com,Kalil,11,21
326,ldinnis91@t-online.de,Lennard,8,28
327,shyslop92@angelfire.com,Sheff,9,45
328,wconquest93@google.co.jp,Waylen,3,34
329,vpolini94@discovery.com,Verge,2,78
330,meyden95@geocities.com,Marty,3,68
331,dbatte96@nyu.edu,Dirk,3,4
332,cwriter97@hibu.com,Conn,3,26
333,chawlgarth98@google.de,Christian,4,45
334,choffmann99@thetimes.co.uk,Constantino,13,8
335,nfielden9a@nature.com,Nelle,3,95
336,jmaypole9b@icq.com,Justinian,15,90
337,glacheze9c@mozilla.com,Gabi,9,77
338,dalejandro9d@issuu.com,Dilan,18,69
339,sulyatt9e@nbcnews.com,Savina,1,78
340,lchern9f@unc.edu,Lanni,4,63
341,lbraine9g@ucla.edu,Lucille,13,74
342,rdusting9h@jiathis.com,Rona,4,49
343,ckilpin9i@hibu.com,Colline,8,46
344,tcarik9j@dropbox.com,Theo,11,28
345,mbayly9k@over-blog.com,Meridith,16,44
346,wlindenberg9l@infoseek.co.jp,Wit,6,47
347,tcruess9m@last.fm,Todd,1,7
348,dlukock9n@blog.com,Dwight,15,24
349,ffritzer9o@umich.edu,Faye,19,5
350,tschofield9p@friendfeed.com,Tansy,14,21
351,lgarza9q@google.it,Lindy,16,24
352,bcullivan9r@topsy.com,Bendick,10,22
353,hmapledoram9s@com.com,Hadley,3,76
354,skepling9t@cbslocal.com,Stanton,16,19
355,cfarman9u@weibo.com,Celka,17,5
356,kpozzi9v@pen.io,Karena,14,9
357,ldefreyne9w@wikia.com,Larry,18,4
358,akeppy9x@theguardian.com,Anica,4,47
359,groseblade9y@intel.com,Gussi,15,60
360,koshea9z@geocities.jp,Kylie,16,55
361,lprescotea0@mozilla.org,Lew,3,72
362,jschowenburga1@mozilla.org,Job,15,58
363,ipeggrema2@icio.us,Idalia,11,62
364,pluttgerta3@java.com,Perceval,9,40
365,lblannina4@slideshare.net,Lorrie,20,64
366,wwallesa5@csmonitor.com,Willem,1,5
367,evincenta6@shop-pro.jp,Ethelin,11,90
368,ekeetleya7@youtu.be,Edgar,20,81
369,fgofortha8@time.com,Fernande,13,2
370,dhuffya9@illinois.edu,Desmund,13,5
371,agebbieaa@weibo.com,Archambault,17,79
372,kmathyab@wisc.edu,Kissee,2,78
373,kwadgeac@amazonaws.com,Klement,17,77
374,rbrainad@example.com,Rois,2,48
375,acargenvenae@forbes.com,Anton,17,93
376,tburgoineaf@ucoz.ru,Theo,16,56
377,astrelitzag@simplemachines.org,Ana,5,78
378,tingolottiah@macromedia.com,Towny,16,60
379,uternai@free.fr,Udall,16,80
380,apaulucciaj@eepurl.com,Ariel,7,85
381,sphilipardak@privacy.gov.au,Sybilla,8,42
382,rpedroal@reference.com,Raynard,4,57
383,klynessam@privacy.gov.au,Kiel,10,43
384,kcomeran@naver.com,Kim,10,10
385,fspinelloao@indiegogo.com,Francklyn,9,60
386,atemplarap@123-reg.co.uk,Aldwin,11,5
387,kavramovicaq@cisco.com,Klemens,3,75
388,drustear@cnbc.com,Denver,17,63
389,aflorias@uol.com.br,Ardelle,19,93
390,wbertelsenat@amazonaws.com,Willie,19,71
391,frivallandau@yandex.ru,Feliks,15,19
392,ghaggardav@businessinsider.com,Guthrey,7,98
393,nkennaaw@odnoklassniki.ru,Niles,8,86
394,cjenckesax@ca.gov,Craig,2,98
395,nstanawayay@diigo.com,Nevsa,17,99
396,ajandaaz@cdc.gov,Alejandro,3,36
397,nkerrodb0@moonfruit.com,Neda,5,36
398,twikeyb1@nhs.uk,Tome,1,34
399,mpresshaughb2@salon.com,Mathian,4,15
400,jfolinib3@wisc.edu,Janaya,6,32
401,gsapshedb4@nifty.com,Gaultiero,1,68
402,cnorthingb5@nature.com,Conant,17,77
403,atradewellb6@tiny.cc,Anallise,14,43
404,dbiaggib7@bloglines.com,Duffy,3,37
405,ubawcockb8@ted.com,Ursa,2,9
406,cmadelinb9@ehow.com,Chandal,3,100
407,msheildsba@altervista.org,Maury,5,42
408,ecasboltbb@auda.org.au,Ellissa,11,15
409,cpawelskibc@technorati.com,Celene,18,25
410,mglasspoolbd@harvard.edu,Morganne,5,74
411,gaugustebe@flavors.me,Gayle,16,61
412,jgietzbf@huffingtonpost.com,Jason,14,33
413,hfaircliffebg@about.com,Heinrick,5,88
414,isivellbh@dyndns.org,Ibbie,14,23
415,zsansumbi@howstuffworks.com,Zorah,6,52
416,orobroebj@instagram.com,Opaline,7,80
417,tchancelierbk@telegraph.co.uk,Tadeo,17,80
418,xghelerdinibl@umich.edu,Xaviera,7,41
419,mmattackbm@craigslist.org,Maurice,19,35
420,rskillmanbn@gravatar.com,Rosamund,15,69
421,adustingbo@csmonitor.com,Andie,1,30
422,akewbp@examiner.com,Audie,15,98
423,esarfatbq@princeton.edu,Ethelda,16,62
424,mgoalbybr@mysql.com,Maddi,18,35
425,dpawseybs@usa.gov,Dianne,5,7
426,sferschkebt@drupal.org,Shayne,17,2
427,aiowarchbu@columbia.edu,Auria,12,39
428,lwelldrakebv@scribd.com,Lillis,5,36
429,cdelaeglisebw@mlb.com,Cassaundra,18,56
430,cseifenmacherbx@walmart.com,Cassaundra,9,24
431,dbasiliby@earthlink.net,Delmer,6,69
432,fcremenbz@gmpg.org,Fowler,15,48
433,dshevelinc0@nbcnews.com,Domenic,5,7
434,mbibeyc1@comsenz.com,Marietta,19,22
435,phulettc2@parallels.com,Phillipp,2,33
436,riveryc3@xinhuanet.com,Raimondo,2,50
437,hmosconic4@paginegialle.it,Haskel,7,28
438,fivoshinc5@alibaba.com,Faye,13,27
439,opatifieldc6@infoseek.co.jp,Oliver,3,93
440,adunnec7@time.com,Angy,12,18
441,ffranzonettic8@foxnews.com,Field,1,77
442,btwentymanc9@mysql.com,Bambie,16,55
443,bheardca@weebly.com,Brigitte,19,27
444,jlowdhamcb@statcounter.com,Jojo,9,83
445,llinchcc@pbs.org,Leigha,20,32
446,kwedgwoodcd@phpbb.com,Klara,13,24
447,nmacdougalce@tamu.edu,Nanci,10,16
448,mhickeringillcf@hexun.com,Mac,5,88
449,anornasellcg@wikispaces.com,Aliza,5,51
450,kkulasch@360.cn,Kissiah,5,53
451,dcabedoci@comcast.net,Dotti,6,82
452,nweetchcj@biglobe.ne.jp,Nickola,7,19
453,ncuttlesck@exblog.jp,Natalie,6,84
454,zdemougeotcl@hexun.com,Zabrina,15,59
455,cdagnancm@stumbleupon.com,Carlene,9,98
456,rbayliscn@discovery.com,Rafaela,12,33
457,wandresenco@reuters.com,Waverly,20,26
458,cloviecp@discovery.com,Chanda,3,80
459,mblampycq@yale.edu,Minne,1,76
460,lfendlencr@constantcontact.com,Lori,11,40
461,bpollittcs@wsj.com,Benedick,1,41
462,pbrestonct@spiegel.de,Pris,17,51
463,bhintzecu@example.com,Bondy,16,86
464,skrautcv@china.com.cn,Sanson,17,55
465,jsturzakercw@time.com,Jabez,12,27
466,kwhistancx@chron.com,Kathryne,11,39
467,isuthernscy@redcross.org,Isidoro,20,76
468,holivellocz@nytimes.com,Huey,14,24
469,pparsandd0@stumbleupon.com,Poul,10,89
470,rspenceleyd1@youku.com,Robin,17,43
471,phadwickd2@spotify.com,Perice,17,2
472,mgalead3@mlb.com,Mickie,7,31
473,mhearstd4@hc360.com,Melamie,8,5
474,nharbertsond5@usnews.com,Nickie,16,99
475,jaismand6@bloglovin.com,Jodi,19,87
476,miannellid7@netvibes.com,Margette,11,97
477,cfrield8@dmoz.org,Cristine,13,64
478,slarvind9@craigslist.org,Shepperd,8,92
479,akiledalda@jugem.jp,Arnaldo,18,81
480,jcroxalldb@noaa.gov,Joelle,9,45
481,glindhedc@goo.ne.jp,Giffie,4,63
482,dwinterbournedd@theglobeandmail.com,Domenico,18,83
483,jmcgibbonde@cloudflare.com,Jodi,2,75
484,mjuleffdf@biblegateway.com,Madlin,8,71
485,bdickerlinedg@eventbrite.com,Barrie,18,46
486,gludgatedh@blogtalkradio.com,Gates,16,8
487,hboylunddi@google.com.hk,Hyatt,3,3
488,kbeneditdj@ocn.ne.jp,Kaine,3,38
489,ccoughdk@ft.com,Camila,2,22
490,ohutcheondl@blogger.com,Olenolin,18,66
491,pwaywelldm@marketwatch.com,Pacorro,16,10
492,gscogindn@phoca.cz,Guglielma,13,51
493,tmcmorrando@wikispaces.com,Tonia,13,96
494,prudolfdp@google.cn,Pearce,10,85
495,aduncansondq@mysql.com,Ambros,11,77
496,hsetterthwaitdr@geocities.jp,Harry,4,34
497,kcrosbieds@mapy.cz,Kelcie,3,48
498,modaredt@scribd.com,Manon,1,22
499,gvashchenkodu@php.net,Guglielmo,6,13
500,jleipnikdv@ocn.ne.jp,Junina,3,61
501,fkeechdw@topsy.com,Florina,4,59
502,pfranktondx@xrea.com,Pearla,1,12
503,dgheerhaertdy@privacy.gov.au,Ddene,1,68
504,ldahmkedz@seesaa.net,Lorry,5,65
505,gtebbse0@china.com.cn,Ginni,14,82
506,eharfoote1@mit.edu,Elinore,3,91
507,nswansboroughe2@t.co,Nadia,14,66
508,eshemilte3@exblog.jp,Elsworth,13,6
509,acescote4@nymag.com,Arline,11,7
510,asnaithe5@economist.com,Abby,14,25
511,wtreslere6@rediff.com,West,20,21
512,amilnee7@mysql.com,Andie,10,29
513,mhammelberge8@dailymail.co.uk,Mick,11,58
514,cwilshiree9@umich.edu,Cordi,9,71
515,cwinhamea@fastcompany.com,Charin,14,16
516,gtilsoneb@smh.com.au,Gregg,17,71
517,wtaaffeec@canalblog.com,Wildon,16,47
518,mfuluned@com.com,Malissia,18,34
519,achillee@hibu.com,Aimil,17,68
520,aelnoughef@fastcompany.com,Alyson,3,59
521,mballanceeg@yellowpages.com,Matthus,9,35
522,fdavioeh@deviantart.com,Fredrick,5,44
523,gobradainei@tamu.edu,Gabriello,13,25
524,gcowinsej@ftc.gov,Ginelle,20,82
525,hchamberlenek@theglobeandmail.com,Had,3,44
526,pgeorgelel@phoca.cz,Pet,15,79
527,fgulstonem@delicious.com,Freddi,6,4
528,dochterlonyen@nbcnews.com,Deloria,3,76
529,jboorneo@github.io,Jermain,4,91
530,lculyep@biblegateway.com,Lonnard,20,42
531,gbranchflowereq@usgs.gov,Gardiner,2,11
532,fbreiter@arstechnica.com,Fern,18,81
533,abeekenes@webnode.com,Arlinda,11,71
534,atartet@bravesites.com,Adoree,15,70
535,egobleeu@163.com,Edward,5,20
536,fpeakerev@vkontakte.ru,Farly,1,33
537,tnewartew@usa.gov,Torie,3,70
538,cuwinsex@huffingtonpost.com,Cece,13,61
539,jcastertoney@seattletimes.com,Julita,11,3
540,tmessierez@indiatimes.com,Tommi,20,2
541,bbadrockf0@nifty.com,Byrom,2,21
542,icookleyf1@nature.com,Iorgos,11,65
543,cpickeringf2@ft.com,Catherin,18,76
544,ghavickf3@npr.org,Gerard,3,41
545,njanssensf4@reverbnation.com,Nikaniki,1,90
546,cdobsonsf5@cloudflare.com,Collette,1,52
547,tglyssannef6@so-net.ne.jp,Torey,20,26
548,ccowansf7@mit.edu,Cinderella,14,4
549,ncoultarf8@studiopress.com,Neill,9,65
550,lpainterf9@sbwire.com,Lula,17,68
551,hjacobfa@liveinternet.ru,Harrietta,10,75
552,chartleburyfb@cam.ac.uk,Corey,17,40
553,bbandierafc@so-net.ne.jp,Barrie,15,24
554,smaplethorpfd@reddit.com,Salim,12,29
555,nunderhillfe@elegantthemes.com,Northrup,9,24
556,abainff@aol.com,Agathe,9,78
557,ddenverfg@cmu.edu,Demeter,4,82
558,hgrinawayfh@buzzfeed.com,Harley,2,77
559,sdemageardfi@behance.net,Sheridan,11,46
560,cdeblasiofj@storify.com,Carina,7,34
561,ccortesefk@e-recht24.de,Christyna,3,7
562,agoodfellowfl@google.com.au,Angelle,11,42
563,powerfm@biglobe.ne.jp,Pierre,14,69
564,mcoweuppefn@nbcnews.com,Marlyn,4,57
565,wwarnockfo@cisco.com,Whit,20,47
566,bdenyakinfp@360.cn,Brear,2,67
567,lmaccaheefq@uiuc.edu,Letitia,3,28
568,mhuxstepfr@gizmodo.com,Mickie,14,87
569,idobbsfs@weather.com,Ingram,16,23
570,boccleshawft@instagram.com,Benedetta,11,68
571,mmurrigansfu@reddit.com,Marlane,7,51
572,achartrefv@sohu.com,Alyss,5,75
573,bworldfw@ft.com,Bryant,16,59
574,mantonopoulosfx@slate.com,Marge,18,72
575,gmuglestonefy@hp.com,Grady,19,86
576,kvandendaelfz@php.net,Kat,8,94
577,cliccardig0@discuz.net,Conrado,20,74
578,ddarchg1@engadget.com,Darnall,18,85
579,eeldersg2@hhs.gov,Ellary,11,90
580,eshinglesg3@reddit.com,Erda,20,8
581,tgaffeyg4@yandex.ru,Tobin,8,48
582,ktejadag5@washingtonpost.com,Karilynn,2,92
583,jmatczakg6@blogs.com,Jorrie,13,18
584,iobriang7@yelp.com,Ivette,7,42
585,cwaszkiewiczg8@epa.gov,Catherine,12,14
586,mwittletong9@digg.com,Mason,20,13
587,cmcmillamga@free.fr,Cleon,12,80
588,tvautregb@dell.com,Tish,8,46
589,eissacgc@sfgate.com,Elianore,16,94
590,kinglefieldgd@hp.com,Ken,10,58
591,rreyburnge@time.com,Rodolph,13,42
592,weshelbygf@youtube.com,Wini,2,100
593,rzahorgg@amazon.de,Reed,10,100
594,lsitlingtongh@va.gov,Lindi,12,88
595,fitzkovskygi@plala.or.jp,Felizio,7,95
596,cventuragj@godaddy.com,Cristine,12,46
597,lbengocheagk@mayoclinic.com,Levy,5,9
598,erudramgl@behance.net,Edan,7,82
599,csmithsongm@gov.uk,Cad,16,84
600,rsheryngn@wikimedia.org,Reba,13,94
601,lburburygo@springer.com,Lazare,19,35
602,ctremelliergp@moonfruit.com,Cristian,12,21
603,rquereegq@admin.ch,Raddie,8,39
604,heasterfieldgr@vinaora.com,Hasheem,17,94
605,ddrenggs@mac.com,Dareen,10,91
606,mwiltshawgt@com.com,Myrtia,10,52
607,squyegu@marriott.com,Sterne,2,82
608,ostearnsgv@shinystat.com,Otho,1,7
609,lpiegromegw@wikipedia.org,Luther,16,67
610,aproffergx@comsenz.com,Alexine,17,79
611,mdavidowgy@cbc.ca,Meghan,2,46
612,abegggz@cnbc.com,Aile,13,61
613,pglauberh0@miitbeian.gov.cn,Philly,8,71
614,pfawthroph1@comcast.net,Peyter,17,84
615,clockarth2@photobucket.com,Cordula,6,9
616,sferiah3@bloglines.com,Sherrie,15,67
617,ljonkh4@ezinearticles.com,Leonard,9,40
618,dbagsterh5@utexas.edu,Deeann,9,56
619,tspeechleyh6@yellowbook.com,Trey,13,70
620,paucklandh7@stumbleupon.com,Philippe,4,28
621,setteridgeh8@fotki.com,Shel,1,55
622,lthreadgallh9@mozilla.org,Lori,2,51
623,zpalffreyha@google.es,Zuzana,13,9
624,gmacintyrehb@prlog.org,Gleda,15,88
625,pkelsellhc@theatlantic.com,Prentiss,11,21
626,anoonhd@shop-pro.jp,Alameda,9,24
627,mranglehe@typepad.com,Maisie,10,8
628,nlarhamhf@sciencedaily.com,Neilla,20,64
629,dbolerhg@pen.io,Daune,14,56
630,hstroverhh@cargocollective.com,Heida,20,80
631,afinnhi@buzzfeed.com,Adams,3,84
632,rjullianhj@sohu.com,Rivalee,3,2
633,mspraggehk@noaa.gov,Miner,6,57
634,tsibleyhl@yolasite.com,Tomaso,14,36
635,mfehnerhm@intel.com,Matthiew,12,99
636,ainnerstonehn@netvibes.com,Astrid,12,11
637,hhabbonho@msn.com,Heath,14,76
638,wheatonhp@mac.com,Winonah,20,92
639,cgloveshq@ning.com,Charlie,8,58
640,ctomaszewskihr@dailymotion.com,Corie,20,10
641,cbidewelhs@ameblo.jp,Christie,17,77
642,rpoelht@wikia.com,Rey,9,14
643,jbentkehu@quantcast.com,Janeen,10,68
644,dcapnerhursthv@prnewswire.com,Dix,18,98
645,awellsteadhw@sciencedaily.com,Alexine,12,24
646,okilrowhx@usnews.com,Odie,10,67
647,othirlawayhy@globo.com,Orson,6,48
648,rquillinanehz@4shared.com,Rabbi,10,48
649,nsicklingi0@1688.com,Nelle,6,30
650,gfermini1@techcrunch.com,Glenden,12,62
651,cperagoi2@ow.ly,Curtis,19,35
652,mmacavddyi3@netvibes.com,Maggee,13,62
653,jmcphateri4@msn.com,Jillana,5,58
654,bquigi5@ycombinator.com,Bryce,19,63
655,scraiggi6@nationalgeographic.com,Sherwood,13,73
656,ggoldi7@sfgate.com,Gran,3,37
657,zbelvini8@usa.gov,Zorah,20,55
658,cmanifoldi9@list-manage.com,Charmaine,14,72
659,sraynhamia@bizjournals.com,Stesha,11,52
660,ecristouib@chronoengine.com,Ernestine,6,91
661,jhandrahanic@forbes.com,Jozef,1,7
662,mbuggeid@google.com.hk,Michaelina,20,92
663,zcanadaie@nifty.com,Zena,15,7
664,jbewfieldif@irs.gov,Juliana,17,54
665,mhurryig@soup.io,Mireielle,3,69
666,eloudyanih@zimbio.com,Emelita,10,33
667,abillitteriii@msn.com,Arin,13,37
668,coddeyij@accuweather.com,Casey,12,20
669,rmcenteeik@rakuten.co.jp,Rosanna,7,72
670,lprescotil@shareasale.com,Lindsey,18,91
671,nmcelvogueim@instagram.com,Nanete,16,52
672,hswantonin@dot.gov,Hasty,10,66
673,apagonio@123-reg.co.uk,Ade,8,46
674,shubbartip@parallels.com,Samuel,17,28
675,labeauiq@wp.com,Loren,18,29
676,kgrimsleyir@businessinsider.com,Kaitlynn,19,52
677,gcolquiteis@desdev.cn,Gerhardt,2,72
678,vjacobowiczit@themeforest.net,Virginia,5,66
679,mcolnetiu@booking.com,Mimi,19,69
680,dhiggoeiv@bravesites.com,Denney,14,86
681,chumaniw@bloomberg.com,Courtnay,4,60
682,edelucaix@engadget.com,Eben,11,58
683,jghelarducciiy@hud.gov,Jillene,7,83
684,vgarretiz@virginia.edu,Valina,2,38
685,bsimonyj0@patch.com,Betti,11,3
686,fhollindalej1@google.es,Flem,15,41
687,lfalknerj2@usatoday.com,Lind,2,27
688,acaudreyj3@cyberchimps.com,Amelina,20,94
689,ktoppj4@php.net,Kym,15,38
690,cdowdaj5@blogspot.com,Cyndi,19,20
691,bmorlingj6@exblog.jp,Birgitta,6,87
692,rsmythj7@hc360.com,Raffaello,16,34
693,fmarstersj8@guardian.co.uk,Fairlie,3,71
694,mroomej9@qq.com,Maurine,7,76
695,sdearnlyja@dagondesign.com,Saxe,14,89
696,ikoenenjb@soundcloud.com,Ilene,18,23
697,ssealjc@si.edu,Sharon,10,54
698,jdingsdalejd@drupal.org,Joell,17,6
699,iclellandje@e-recht24.de,Izabel,9,14
700,ocolletjf@histats.com,Olivier,3,8
701,cmaccaheyjg@sitemeter.com,Crichton,20,12
702,pvaneevjh@gmpg.org,Pearla,18,98
703,sexonji@google.ru,Spike,4,80
704,gblofeldjj@eventbrite.com,Grete,1,2
705,dhodgesjk@fda.gov,Dolly,18,65
706,mshilstonjl@imdb.com,Maynard,6,97
707,gmerrganjm@amazon.com,Goldina,4,48
708,ejouannotjn@wsj.com,Ethan,18,98
709,dcatanheirajo@theguardian.com,Dell,1,66
710,qmacneiljp@list-manage.com,Quincey,4,35
711,ccrispejq@sbwire.com,Carmelina,19,54
712,cmaywardjr@sbwire.com,Caril,13,45
713,eokeenanjs@aol.com,Early,16,76
714,wduganjt@flavors.me,Waylin,4,14
715,bdraysonju@woothemes.com,Betty,15,63
716,ebarwelljv@php.net,Eugenius,20,32
717,sforderjw@samsung.com,Shir,10,74
718,ihornungjx@prlog.org,Iolande,20,61
719,ssteljesjy@illinois.edu,Scarlett,12,24
720,malmeidajz@macromedia.com,Milo,1,49
721,jlillemank0@pbs.org,Javier,8,31
722,knayshek1@newyorker.com,Koressa,10,67
723,vsabbenk2@odnoklassniki.ru,Verene,5,88
724,rmartinuzzik3@census.gov,Regan,3,65
725,cphizackarleyk4@answers.com,Celestina,1,85
726,hgebhardk5@nyu.edu,Hyacintha,13,24
727,escholek6@ucsd.edu,Ev,17,21
728,cbuttenk7@java.com,Chrissy,5,21
729,dallattk8@unblog.fr,Debbi,8,76
730,dduffank9@hhs.gov,Darill,18,35
731,vgallafantka@ftc.gov,Vinnie,11,28
732,scomberkb@yahoo.com,Shantee,1,12
733,schatwoodkc@answers.com,Sue,12,90
734,lskedkd@networkadvertising.org,Lillis,17,34
735,lfulbrookke@wikispaces.com,Lorenzo,10,69
736,ivalentinkf@narod.ru,Isabella,1,86
737,abattyekg@cbsnews.com,Aland,3,20
738,eoflahertykh@1688.com,Elita,1,88
739,swabersinkeki@google.com,Sharyl,16,14
740,coldalekj@engadget.com,Claudio,11,39
741,rwedgbrowkk@simplemachines.org,Roberta,20,57
742,pblazebykl@biglobe.ne.jp,Poul,13,7
743,kmumbesonkm@163.com,Kristina,19,91
744,ctenpennykn@squidoo.com,Crystal,7,54
745,sandreottiko@google.com,Selma,9,36
746,sdegoeykp@rediff.com,Sebastian,20,39
747,vscaneskq@privacy.gov.au,Viv,16,51
748,isickertkr@topsy.com,Itch,5,93
749,cberreyks@java.com,Charlean,9,77
750,aserverkt@miibeian.gov.cn,Alvera,4,66
751,jrawesku@nydailynews.com,Jimmy,19,69
752,wianizzikv@parallels.com,Wilbur,3,60
753,hbrionkw@theatlantic.com,Harlene,1,43
754,gclaughtonkx@bandcamp.com,Garold,2,73
755,crentzky@sohu.com,Claudianus,6,43
756,ccramkz@dedecms.com,Clarette,20,79
757,tlanhaml0@php.net,Teodor,5,68
758,fnorthilll1@vimeo.com,Franny,7,81
759,kcadgel2@constantcontact.com,Kiri,20,22
760,cdellarl3@hatena.ne.jp,Corabella,18,87
761,upochetl4@feedburner.com,Urbanus,15,9
762,fseamansl5@slashdot.org,Filip,15,44
763,jedmonsl6@discovery.com,Jamil,8,96
764,jwareingl7@mozilla.com,Jaimie,5,76
765,kaldingtonl8@wired.com,Kiersten,4,58
766,wmanueaul9@etsy.com,Wilhelm,11,89
767,ckunla@umn.edu,Corinna,8,37
768,alittericklb@4shared.com,Angie,8,21
769,djershlc@hugedomains.com,Devlen,18,3
770,hphuprateld@over-blog.com,Henrietta,19,80
771,pdealtryle@aboutads.info,Pam,11,7
772,holenechanlf@cyberchimps.com,Hamlin,18,73
773,rmonkleylg@hubpages.com,Rance,6,41
774,ndarrigolh@yolasite.com,Noby,5,55
775,ehudghtonli@google.pl,Eugenia,18,41
776,cseatonlj@youtu.be,Corry,7,77
777,mbullantlk@msu.edu,Marsh,6,53
778,lscrannyll@edublogs.org,Lyndsey,12,71
779,lpettettlm@seattletimes.com,Lorne,11,67
780,rmalesln@paypal.com,Rubi,18,41
781,chaskelllo@state.tx.us,Carlynne,20,58
782,kzylberdiklp@wired.com,Katharyn,7,19
783,ipleminglq@addthis.com,Isacco,7,49
784,aoldreylr@nps.gov,Amble,8,49
785,arookels@a8.net,Annie,13,50
786,bfaughnylt@simplemachines.org,Billie,8,50
787,fstickenslu@webmd.com,Fayette,20,38
788,mdundridgelv@soup.io,Merle,12,18
789,vfoulstonelw@stanford.edu,Vinni,9,25
790,akhalidlx@google.com.br,Angel,6,21
791,hprophetly@tuttocitta.it,Harris,3,17
792,pclacelz@reuters.com,Peria,3,45
793,ipreatorm0@acquirethisname.com,Inez,8,58
794,cotym1@naver.com,Collie,3,49
795,cstemsonm2@clickbank.net,Clem,16,54
796,cmattessenm3@bloomberg.com,Chaunce,11,37
797,jsimunekm4@soundcloud.com,Joceline,20,19
798,kbaldersonm5@ycombinator.com,Kelci,2,35
799,lcaghanm6@cafepress.com,Leanna,6,21
800,bheintschm7@comsenz.com,Bernardine,17,99
801,bandricm8@wix.com,Bartholemy,11,58
802,aanthonm9@netscape.com,Aluin,4,70
803,jcodama@aol.com,Jarrett,1,10
804,woclovanmb@army.mil,Wolfie,12,24
805,cspiermc@howstuffworks.com,Claretta,12,3
806,rlambolmd@craigslist.org,Rory,1,65
807,ephorsbyme@tmall.com,Elroy,1,82
808,dsteadmf@nationalgeographic.com,Dyanne,18,47
809,jartusmg@go.com,Joyous,6,27
810,cplitzmh@nasa.gov,Chick,1,91
811,tmacmichaelmi@nationalgeographic.com,Thomasin,8,54
812,acampionmj@surveymonkey.com,Alden,16,73
813,tcriellymk@patch.com,Torie,13,66
814,hcrutchleyml@mediafire.com,Hayden,18,24
815,bdoustmm@msu.edu,Blanche,8,93
816,rbarmbymn@gravatar.com,Rozalie,19,24
817,kpatmanmo@topsy.com,Kai,12,72
818,ksalkildmp@g.co,Katlin,1,77
819,mkilgourmq@phpbb.com,Major,5,33
820,smaccrannmr@washington.edu,Samson,13,93
821,rgolsthorpms@amazon.com,Rasia,10,87
822,msalomonmt@tiny.cc,Michelina,18,61
823,blaidelmu@boston.com,Bram,18,8
824,nbelliardmv@virginia.edu,Noel,5,98
825,abornemw@e-recht24.de,Ario,12,35
826,lrudsdellmx@amazon.com,Linnea,15,1
827,mtyremy@cisco.com,Marlin,11,80
828,dedgintonmz@vimeo.com,Darlleen,20,86
829,jmillean0@rambler.ru,Juditha,1,67
830,mgrishinn1@so-net.ne.jp,Myrtle,2,85
831,sstorekn2@cornell.edu,Salomone,11,30
832,hhurchn3@wordpress.org,Henriette,1,93
833,sdavidown4@umich.edu,Salomone,15,2
834,gemmertn5@mtv.com,Graig,2,22
835,yweinn6@cbsnews.com,Yard,16,37
836,dgergen7@people.com.cn,Dagny,9,80
837,mdesantosn8@state.gov,Mort,16,61
838,bsammsn9@nps.gov,Brendin,10,10
839,escourgena@bizjournals.com,Edgard,2,96
840,vdymidowskinb@buzzfeed.com,Vaclav,20,56
841,dcrowthernc@unicef.org,Delmer,11,97
842,fcufflinnd@ucla.edu,Fayina,8,75
843,mscutterne@hubpages.com,Marisa,3,20
844,ddeclercnf@weebly.com,Delly,7,51
845,mthemlng@mit.edu,Maxwell,18,35
846,acocksedgenh@privacy.gov.au,Arie,11,33
847,mmorillani@illinois.edu,Miguel,5,31
848,cfierronj@guardian.co.uk,Cherilynn,3,93
849,ychansonnenk@accuweather.com,Yorke,2,34
850,rsrawleynl@techcrunch.com,Rosabelle,3,16
851,sslevinnm@slashdot.org,Seka,4,30
852,jmacavaddynn@nature.com,Jazmin,16,38
853,tlydfordno@indiatimes.com,Tedi,11,26
854,jseamonnp@dyndns.org,Janel,11,21
855,dlearynq@wsj.com,Devonna,3,93
856,shedgenr@livejournal.com,Stephanie,6,69
857,arochellns@woothemes.com,Aeriel,18,73
858,leadesnt@state.tx.us,Lonny,6,57
859,tbootynu@irs.gov,Tommi,13,94
860,ghammernv@mlb.com,Guglielma,8,95
861,adecristoforonw@nifty.com,Alyson,10,92
862,sbernnx@cbc.ca,Staci,17,67
863,mblencoweny@digg.com,Mahalia,2,13
864,mpendocknz@naver.com,Magdalena,20,87
865,aomrodo0@google.nl,Augustin,3,67
866,glilywhiteo1@netvibes.com,Gabriel,10,62
867,vouldo2@myspace.com,Vivi,5,8
868,ddoveo3@zdnet.com,Delainey,6,49
869,gpresswello4@xinhuanet.com,Ginni,15,66
870,echaveyo5@bing.com,Em,17,40
871,jhugonneto6@comsenz.com,Jeniece,14,81
872,ljarratto7@qq.com,Lonnard,9,77
873,scostano8@slashdot.org,Stephanie,3,96
874,jziemkeo9@pcworld.com,Joyan,9,35
875,amanchettoa@redcross.org,Adelina,20,65
876,dwillertonob@ezinearticles.com,Dick,15,77
877,calpineoc@weather.com,Catharine,2,57
878,mgoodingod@skyrock.com,Maribelle,4,85
879,eheartfieldoe@twitpic.com,Emlyn,1,19
880,scrankhornof@merriam-webster.com,Stillman,14,24
881,cputtog@ning.com,Chris,15,72
882,tmacewanoh@boston.com,Thea,15,54
883,ktinstonoi@tinypic.com,Kimble,11,74
884,ichooteroj@nih.gov,Isacco,9,66
885,rtolchardok@upenn.edu,Rodge,2,13
886,wabsalomol@joomla.org,Worthy,10,63
887,sfarrowom@foxnews.com,Sidonnie,1,55
888,alovelesson@51.la,Ange,18,90
889,jgatleyoo@sitemeter.com,Jenda,2,29
890,wleonop@xinhuanet.com,Wallie,4,45
891,lgarletteoq@vinaora.com,Lyssa,5,29
892,vkneelor@vk.com,Verney,15,30
893,ctarbinos@oakley.com,Clareta,7,46
894,nschulkeot@apache.org,Nathanil,11,9
895,cpurvessou@ocn.ne.jp,Clareta,1,24
896,gkoresov@ning.com,Geralda,8,50
897,abrabonow@wix.com,Anne-marie,10,99
898,ctytcombox@geocities.com,Carmelita,13,5
899,agrgicoy@intel.com,Archibald,4,40
900,hhandlingoz@hexun.com,Helga,19,95
901,ineseyp0@mashable.com,Isac,20,35
902,mdebenedittip1@multiply.com,Mira,16,46
903,lklasingp2@tinyurl.com,Leona,15,55
904,wrichfordp3@1und1.de,Wanids,7,97
905,lniesep4@comsenz.com,Lee,10,44
906,mrepperp5@arstechnica.com,Marwin,1,21
907,spineauxp6@phpbb.com,Sarena,3,38
908,afawcettp7@hugedomains.com,Andrej,13,33
909,ccranneyp8@accuweather.com,Cyrille,16,19
910,blandersp9@delicious.com,Brena,13,80
911,hpittampa@latimes.com,Hank,10,54
912,dminellipb@apple.com,Doloritas,3,81
913,sgusneypc@yelp.com,Susanne,4,87
914,mshippd@psu.edu,Minny,7,73
915,nscorerpe@deliciousdays.com,Nikolia,15,80
916,kstrevenspf@wiley.com,Kahaleel,5,43
917,vbonepg@dagondesign.com,Vilhelmina,1,42
918,ewindrassph@i2i.jp,Elvera,17,82
919,wpellissierpi@artisteer.com,Worden,15,73
920,ddeevespj@woothemes.com,Dre,10,36
921,epreskettpk@sakura.ne.jp,Emmaline,4,74
922,mhavardpl@prnewswire.com,Melina,3,75
923,mcattrallpm@bandcamp.com,Marcelo,2,77
924,cpettiforpn@usda.gov,Cherice,17,30
925,jscousepo@webeden.co.uk,Jodi,7,17
926,jpittwoodpp@ezinearticles.com,Justus,15,96
927,mramelpq@friendfeed.com,Maury,7,27
928,cstrangewaypr@ustream.tv,Chiquia,17,21
929,cmathelonps@networksolutions.com,Cos,17,16
930,hkingettpt@wix.com,Halsy,18,92
931,kconnorpu@comsenz.com,Kipper,12,21
932,odarrigrandpv@army.mil,Odelia,1,100
933,hthornewillpw@goo.gl,Huntlee,9,44
934,ghuberypx@bigcartel.com,Gwenneth,3,68
935,rberriepy@xrea.com,Rorke,5,20
936,bhelstrippz@netscape.com,Base,19,54
937,orubinchikq0@shop-pro.jp,Orrin,2,84
938,hfeatherstonhaughq1@nih.gov,Harriot,19,17
939,bjekelq2@springer.com,Britt,13,98
940,dmarczykq3@mozilla.org,Domenic,7,9
941,apoulgreenq4@springer.com,Aland,12,75
942,bsuddardsq5@homestead.com,Barney,9,87
943,krickisq6@hud.gov,Karlis,17,34
944,ecraiggq7@slate.com,Emmalynne,9,35
945,lbenkheq8@wsj.com,Leeland,5,28
946,mmurrisonq9@angelfire.com,Malia,14,47
947,thearnshawqa@bizjournals.com,Teodoro,14,34
948,leslieqb@upenn.edu,Lazaro,12,38
949,ocharrissonqc@cbc.ca,Othelia,13,74
950,ethomsenqd@netvibes.com,Elie,9,11
951,ssplevingsqe@pinterest.com,Staci,20,26
952,bslimmingqf@theguardian.com,Brocky,11,92
953,mtaggartqg@mapy.cz,Massimo,12,49
954,veillesqh@bloglovin.com,Vanny,14,88
955,mbutqi@google.cn,Marilin,4,88
956,msoreauqj@linkedin.com,Mile,16,64
957,gcottierqk@360.cn,Godfree,9,87
958,zsmoutenql@domainmarket.com,Zak,20,23
959,ehubbisqm@joomla.org,Etta,12,57
960,jwildingqn@squarespace.com,Jessie,17,24
961,fmanskeqo@unesco.org,Franklyn,3,81
962,dsummerfieldqp@php.net,Darice,1,50
963,ckenealyqq@blogger.com,Carline,14,32
964,cscrivinqr@soundcloud.com,Cassandra,15,69
965,dblatcherqs@bluehost.com,Desiree,9,2
966,bbillqt@google.cn,Bernie,14,55
967,msaynorqu@ox.ac.uk,Myrtle,5,27
968,tgerrietzqv@photobucket.com,Trumaine,14,37
969,tgoudgeqw@vkontakte.ru,Toma,11,13
970,ashellibeerqx@gmpg.org,Allina,9,75
971,nyoxallqy@rambler.ru,Norby,5,89
972,ncotheyqz@multiply.com,Nicolette,18,11
973,wlucksr0@reference.com,Wilmette,13,46
974,flepoidevinr1@mayoclinic.com,Frankie,10,96
975,dlavinr2@huffingtonpost.com,Dela,19,34
976,wtarrantr3@cocolog-nifty.com,Wesley,16,50
977,bjancicr4@zimbio.com,Bethina,7,34
978,amarzellanor5@360.cn,Alane,13,19
979,krapir6@qq.com,Krissie,19,73
980,igradwellr7@themeforest.net,Irma,19,41
981,pspottswoodr8@mozilla.com,Pansie,8,11
982,jsanter9@cisco.com,Jasmina,3,21
983,rearlera@howstuffworks.com,Rikki,3,58
984,tmauderb@github.io,Tobin,4,84
985,kdredgerc@unblog.fr,Kira,2,4
986,gbilbyrd@seesaa.net,Gigi,4,96
987,jbosmanre@sina.com.cn,Jacintha,1,38
988,raronowitzrf@wikimedia.org,Remy,6,69
989,wedridgerg@loc.gov,Wynn,5,54
990,kfilipowiczrh@networkadvertising.org,Kevyn,4,8
991,mmaccumeskeyri@usatoday.com,Morgen,7,1
992,smacmechanrj@mashable.com,Shelby,5,16
993,edevannyrk@gizmodo.com,Eduino,9,33
994,lfeaviourrl@prweb.com,Ludovika,11,59
995,akortingrm@japanpost.jp,Alfredo,7,59
996,wclackrn@ameblo.jp,Winifred,6,47
997,ywinterfloodro@nydailynews.com,Yule,7,34
998,lderisleyrp@mozilla.com,Lemmy,8,1
999,aisacrq@bizjournals.com,Abby,12,53
1000,jobingtonrr@yahoo.com,Jesus,14,9
